﻿{"cameraMode":{"drawMode":0,"name":"Shaded","section":"Shading Mode"},"sceneLighting":true,"audioPlay":false,"sceneViewState":{"showFog":true,"showMaterialUpdate":false,"showSkybox":true,"showFlares":true,"showImageEffects":true,"showParticleSystems":true},"in2DMode":false,"pivot":{"x":-199.64842224121095,"y":-154.33567810058595,"z":-151.69529724121095},"rotation":{"x":-0.12274086475372315,"y":0.8607213497161865,"z":-0.24686360359191895,"w":-0.4279624819755554},"size":315.3872985839844,"orthographic":false}